{"cameraMode":{"drawMode":0,"name":"Shaded","section":"Shading Mode"},"sceneLighting":false,"audioPlay":false,"sceneViewState":{"m_AlwaysRefresh":false,"showFog":true,"showSkybox":false,"showFlares":true,"showImageEffects":true,"showParticleSystems":true,"showVisualEffectGraphs":true,"m_FxEnabled":true},"in2DMode":false,"pivot":{"x":0.007142782211303711,"y":2.421732187271118,"z":0.0539393424987793},"rotation":{"x":-0.28610026836395266,"y":-0.5574789047241211,"z":0.2126845419406891,"w":-0.7497972249984741},"size":3.0423014163970949,"orthographic":false}