{"cameraMode":{"drawMode":0,"name":"Shaded","section":"Shading Mode"},"sceneLighting":false,"audioPlay":false,"sceneViewState":{"m_AlwaysRefresh":false,"showFog":true,"showSkybox":false,"showFlares":true,"showImageEffects":true,"showParticleSystems":true,"showVisualEffectGraphs":true,"m_FxEnabled":true},"in2DMode":false,"pivot":{"x":-0.02256488800048828,"y":1.2750518321990967,"z":0.0011813044548034669},"rotation":{"x":-0.28610026836395266,"y":-0.5574789047241211,"z":0.2126845419406891,"w":-0.7497972249984741},"size":1.9083884954452515,"orthographic":false}