{"cameraMode":{"drawMode":0,"name":"Shaded","section":"Shading Mode"},"sceneLighting":false,"audioPlay":false,"sceneViewState":{"m_AlwaysRefresh":false,"showFog":true,"showSkybox":false,"showFlares":true,"showImageEffects":true,"showParticleSystems":true,"showVisualEffectGraphs":true,"m_FxEnabled":true},"in2DMode":false,"pivot":{"x":-0.21524286270141602,"y":-0.2770693302154541,"z":-0.8306184411048889},"rotation":{"x":-0.17233137786388398,"y":-0.6410351395606995,"z":0.15074490010738374,"w":-0.7326106429100037},"size":2.4136476516723635,"orthographic":false}