{"cameraMode":{"drawMode":0,"name":"Shaded","section":"Shading Mode"},"sceneLighting":true,"audioPlay":false,"sceneViewState":{"m_AlwaysRefresh":false,"showFog":true,"showSkybox":true,"showFlares":true,"showImageEffects":true,"showParticleSystems":true,"showVisualEffectGraphs":true,"m_FxEnabled":true},"in2DMode":false,"pivot":{"x":60.734779357910159,"y":160.59690856933595,"z":-23.172500610351564},"rotation":{"x":0.2741403877735138,"y":-0.3768572211265564,"z":0.11781559139490128,"w":0.8768952488899231},"size":79.21735382080078,"orthographic":false}