{"cameraMode":{"drawMode":0,"name":"Shaded","section":"Shading Mode"},"sceneLighting":true,"audioPlay":false,"sceneViewState":{"m_AlwaysRefresh":false,"showFog":true,"showSkybox":true,"showFlares":true,"showImageEffects":true,"showParticleSystems":true,"showVisualEffectGraphs":true,"m_FxEnabled":true},"in2DMode":false,"pivot":{"x":24.75861930847168,"y":57.44538879394531,"z":-0.006065854337066412},"rotation":{"x":0.004258247558027506,"y":0.7047616839408875,"z":-0.004226865246891975,"w":0.7094233632087708},"size":0.20078496634960175,"orthographic":false}