{"cameraMode":{"drawMode":0,"name":"Shaded","section":"Shading Mode"},"sceneLighting":false,"audioPlay":false,"sceneViewState":{"m_AlwaysRefresh":false,"showFog":true,"showSkybox":false,"showFlares":true,"showImageEffects":true,"showParticleSystems":true,"showVisualEffectGraphs":true,"m_FxEnabled":true},"in2DMode":false,"pivot":{"x":192.33843994140626,"y":-116.42984008789063,"z":138.27658081054688},"rotation":{"x":0.1465359330177307,"y":-0.7448533773422241,"z":0.17400971055030824,"w":0.6272514462471008},"size":194.65945434570313,"orthographic":false}